{"chunk_definitions":[{"row":14,"row_count":1,"visible":true,"expansion_state":0,"options":{"NA":null,"engine":"r","label":"unnamed-chunk-70"},"document_id":"C6DFB3A7","chunk_id":"cy3c4gsbh0m60","chunk_label":"unnamed-chunk-1"},{"row":21,"row_count":1,"visible":true,"expansion_state":0,"options":{"NA":null,"engine":"r","label":"unnamed-chunk-71"},"document_id":"C6DFB3A7","chunk_id":"ci5m89n9t9ltn","chunk_label":"unnamed-chunk-2"},{"row":27,"row_count":1,"visible":true,"expansion_state":0,"options":{"engine":"r","label":"unnamed-chunk-72"},"document_id":"C6DFB3A7","chunk_id":"cj20yynpspsyz","chunk_label":"unnamed-chunk-3"},{"row":33,"row_count":1,"visible":true,"expansion_state":0,"options":{"engine":"r","label":"unnamed-chunk-73"},"document_id":"C6DFB3A7","chunk_id":"c544t5av61zir","chunk_label":"unnamed-chunk-4"},{"row":47,"row_count":1,"visible":true,"expansion_state":0,"options":{"engine":"r","label":"unnamed-chunk-74"},"document_id":"C6DFB3A7","chunk_id":"cs2cqmvuu6ix9","chunk_label":"unnamed-chunk-5"},{"row":53,"row_count":1,"visible":true,"expansion_state":0,"options":{"engine":"r","label":"unnamed-chunk-75"},"document_id":"C6DFB3A7","chunk_id":"cki3mq64ouyar","chunk_label":"unnamed-chunk-6"},{"row":59,"row_count":1,"visible":true,"expansion_state":0,"options":{"engine":"r","label":"unnamed-chunk-80"},"document_id":"C6DFB3A7","chunk_id":"cytzhmour5vda","chunk_label":"unnamed-chunk-7"}],"doc_write_time":1698316528,"chunk_rendered_width":596}