{"chunk_definitions":[{"row":14,"row_count":1,"visible":true,"expansion_state":0,"options":{"output":false,"engine":"r","label":"unnamed-chunk-10"},"document_id":"C6DFB3A7","chunk_id":"cy3c4gsbh0m60","chunk_label":"unnamed-chunk-1"},{"row":21,"row_count":1,"visible":true,"expansion_state":0,"options":{"output":false,"engine":"r","label":"unnamed-chunk-11"},"document_id":"C6DFB3A7","chunk_id":"ci5m89n9t9ltn","chunk_label":"unnamed-chunk-2"},{"row":27,"row_count":1,"visible":true,"expansion_state":0,"options":{"engine":"r","label":"unnamed-chunk-12"},"document_id":"C6DFB3A7","chunk_id":"cj20yynpspsyz","chunk_label":"unnamed-chunk-3"},{"row":33,"row_count":1,"visible":true,"expansion_state":0,"options":{"engine":"r","label":"unnamed-chunk-13"},"document_id":"C6DFB3A7","chunk_id":"c544t5av61zir","chunk_label":"unnamed-chunk-4"},{"row":47,"row_count":1,"visible":true,"expansion_state":0,"options":{"engine":"r","label":"unnamed-chunk-14"},"document_id":"C6DFB3A7","chunk_id":"cs2cqmvuu6ix9","chunk_label":"unnamed-chunk-5"},{"row":53,"row_count":1,"visible":true,"expansion_state":0,"options":{"engine":"r","label":"unnamed-chunk-15"},"document_id":"C6DFB3A7","chunk_id":"cki3mq64ouyar","chunk_label":"unnamed-chunk-6"},{"row":59,"row_count":1,"visible":true,"expansion_state":0,"options":{"engine":"r","label":"unnamed-chunk-16"},"document_id":"C6DFB3A7","chunk_id":"cytzhmour5vda","chunk_label":"unnamed-chunk-7"},{"row":66,"row_count":1,"visible":true,"expansion_state":0,"options":{"engine":"r","label":"unnamed-chunk-17"},"document_id":"FD9F775A","chunk_id":"cnzdcegu33j8a","chunk_label":"unnamed-chunk-8"},{"row":80,"row_count":1,"visible":true,"expansion_state":0,"options":{"engine":"r","label":"unnamed-chunk-18"},"document_id":"FD9F775A","chunk_id":"cqi4dbdfrkrog","chunk_label":"unnamed-chunk-9"},{"row":109,"row_count":1,"visible":true,"expansion_state":0,"options":{"include":false,"engine":"r","label":"unnamed-chunk-19"},"document_id":"FD9F775A","chunk_id":"cad2pxmn3ssq6","chunk_label":"unnamed-chunk-10"}],"doc_write_time":1698840775}