"0","#| include: false"
"0","  fig1 <- ggplot(dat, aes(x = Herbicide, y = Weeds)) +"
"0","  geom_boxplot() +"
"0","  geom_jitter(width=0.06, height=0.1, col=""grey"") +"
"0","  xlab(""Treatment applied"") +"
"0","  ylab(""Weed species recorded"") +"
"0","  ylim(0,16) +"
"0","  theme_classic()"
"0","  "
"0","  # figure saving settings"
"0","units = ""in"""
"0","fig_w <- 5"
"0","fig_h <- 4"
"0","dpi <- 300"
"0","device <- ""png"" "
"0",""
"0","ggsave(""figures/figure1.png"", "
"0","       plot = fig1, "
"0","       device = device,"
"0","       width = fig_w, "
"0","       height = fig_h,"
"0","       units = units,"
"0","       dpi = dpi)"
"0",""
