{"chunk_definitions":[{"row":26,"row_count":1,"visible":true,"expansion_state":0,"options":{"output":false,"engine":"r","label":"unnamed-chunk-254"},"document_id":"FD9F775A","chunk_id":"cwqu1bxn17k3h","chunk_label":"load-packages"},{"row":33,"row_count":1,"visible":true,"expansion_state":0,"options":{"output":false,"engine":"r","label":"unnamed-chunk-255"},"document_id":"FD9F775A","chunk_id":"cphtmv2l1m0d1","chunk_label":"unnamed-chunk-1"},{"row":41,"row_count":1,"visible":true,"expansion_state":0,"options":{"engine":"r","label":"unnamed-chunk-256"},"document_id":"FD9F775A","chunk_id":"cpfcpjaht8seq","chunk_label":"unnamed-chunk-2"},{"row":55,"row_count":1,"visible":true,"expansion_state":0,"options":{"engine":"r","label":"unnamed-chunk-257"},"document_id":"FD9F775A","chunk_id":"cbd7ll4ekye17","chunk_label":"unnamed-chunk-3"},{"row":72,"row_count":1,"visible":true,"expansion_state":0,"options":{"engine":"r","label":"unnamed-chunk-259"},"document_id":"FD9F775A","chunk_id":"c9g9xv58xf8ec","chunk_label":"unnamed-chunk-4"},{"row":79,"row_count":1,"visible":true,"expansion_state":0,"options":{"echo":false,"engine":"r","label":"unnamed-chunk-260"},"document_id":"FD9F775A","chunk_id":"c1i8se7rukbk5","chunk_label":"unnamed-chunk-5"},{"row":85,"row_count":1,"visible":true,"expansion_state":0,"options":{"engine":"r","label":"unnamed-chunk-261"},"document_id":"FD9F775A","chunk_id":"cgu118510fm9j","chunk_label":"unnamed-chunk-6"},{"row":91,"row_count":1,"visible":true,"expansion_state":0,"options":{"engine":"r","label":"unnamed-chunk-262"},"document_id":"FD9F775A","chunk_id":"cwjgdmn10fvou","chunk_label":"unnamed-chunk-7"},{"row":98,"row_count":1,"visible":true,"expansion_state":0,"options":{"engine":"r","label":"unnamed-chunk-263"},"document_id":"FD9F775A","chunk_id":"cw3kuvvqylrzx","chunk_label":"unnamed-chunk-8"},{"row":114,"row_count":1,"visible":true,"expansion_state":0,"options":{"warning":false,"fig-cap":"Treatment vs weed species reported","engine":"r","label":"unnamed-chunk-264"},"document_id":"FD9F775A","chunk_id":"cw59j4vinkd81","chunk_label":"fig-boxplot"},{"row":63,"row_count":1,"visible":true,"expansion_state":0,"options":{"tbl-cap":"Summary of dataset","engine":"r","label":"unnamed-chunk-258"},"document_id":"FD9F775A","chunk_id":"csowialafq705","chunk_label":"tbl-kbl"}],"doc_write_time":1726152299,"chunk_rendered_width":647}