{"chunk_definitions":[{"row":16,"row_count":1,"visible":true,"expansion_state":0,"options":{"output":false,"engine":"r","label":"unnamed-chunk-43"},"document_id":"C6DFB3A7","chunk_id":"cy3c4gsbh0m60","chunk_label":"unnamed-chunk-1"},{"row":23,"row_count":1,"visible":true,"expansion_state":0,"options":{"output":false,"engine":"r","label":"unnamed-chunk-44"},"document_id":"C6DFB3A7","chunk_id":"ci5m89n9t9ltn","chunk_label":"unnamed-chunk-2"},{"row":29,"row_count":1,"visible":true,"expansion_state":0,"options":{"engine":"r","label":"unnamed-chunk-45"},"document_id":"C6DFB3A7","chunk_id":"cj20yynpspsyz","chunk_label":"unnamed-chunk-3"},{"row":35,"row_count":1,"visible":true,"expansion_state":0,"options":{"engine":"r","label":"unnamed-chunk-46"},"document_id":"C6DFB3A7","chunk_id":"c544t5av61zir","chunk_label":"unnamed-chunk-4"},{"row":49,"row_count":1,"visible":true,"expansion_state":0,"options":{"engine":"r","label":"unnamed-chunk-47"},"document_id":"C6DFB3A7","chunk_id":"cs2cqmvuu6ix9","chunk_label":"unnamed-chunk-5"},{"row":55,"row_count":1,"visible":true,"expansion_state":0,"options":{"engine":"r","label":"unnamed-chunk-48"},"document_id":"C6DFB3A7","chunk_id":"cki3mq64ouyar","chunk_label":"unnamed-chunk-6"},{"row":61,"row_count":1,"visible":true,"expansion_state":0,"options":{"engine":"r","label":"unnamed-chunk-49"},"document_id":"C6DFB3A7","chunk_id":"cytzhmour5vda","chunk_label":"unnamed-chunk-7"},{"row":68,"row_count":1,"visible":true,"expansion_state":0,"options":{"engine":"r","label":"unnamed-chunk-50"},"document_id":"FD9F775A","chunk_id":"cnzdcegu33j8a","chunk_label":"unnamed-chunk-8"},{"row":82,"row_count":1,"visible":true,"expansion_state":0,"options":{"engine":"r","label":"unnamed-chunk-51"},"document_id":"FD9F775A","chunk_id":"cqi4dbdfrkrog","chunk_label":"unnamed-chunk-9"},{"row":111,"row_count":1,"visible":true,"expansion_state":0,"options":{"include":false,"engine":"r","label":"unnamed-chunk-52"},"document_id":"FD9F775A","chunk_id":"cad2pxmn3ssq6","chunk_label":"unnamed-chunk-10"}],"doc_write_time":1700056931,"chunk_rendered_width":581}